country,all_classes,y0_4,y5_9,y10_14,y15_19,y20_24,y25_29,y30_34,y35_39,y40_44,y45_49,y50_54,y55_59,y60_64,y65_69,y70_74,y75_79,y80_84,y85_89,y90_94,y95_99,over100
          Afghanistan,37171.922,5601.443,5388.23,5027.758,4414.718,3656.616,2867.292,2319.668,1918.355,1529.43,1207.463,960.877,751.025,568.217,420.997,285.361,151.893,70.988,24.52,6.078,0.958,0.035
          Albania,2882.735,173.11,161.093,175.272,215.65,242.408,246.671,205.535,157.977,159.982,178.073,194.416,202.543,173.796,131.157,104.063,82.131,49.512,21.888,6.442,0.97,0.046
          Algeria,42228.415,4950.834,4373.752,3406.725,2835.601,3234.681,3706.947,3710.856,3376.834,2782.972,2278.81,1950.94,1614.176,1318.505,1010.711,650.378,489.365,323.904,155.445,46.648,9.527,0.804
          American Samoa,55.461,..,..,..,..,..,..,..,..,..,..,..,..,..,..,..,..,..,..,..,..,..
          Andorra,77.008,..,..,..,..,..,..,..,..,..,..,..,..,..,..,..,..,..,..,..,..,..
          Angola,30809.787,5552.546,4840.077,4029.101,3260.975,2697.137,2283.242,1902.094,1533.59,1245.661,974.766,750.733,631.327,425.673,284.264,199.977,114.489,58.906,19.86,4.659,0.676,0.034
          Anguilla,14.738,..,..,..,..,..,..,..,..,..,..,..,..,..,..,..,..,..,..,..,..,..
          Antigua and Barbuda,96.282,7.401,7.015,6.845,7.308,7.565,7.21,7.057,7.006,6.951,6.982,6.647,5.612,4.209,3.118,2.273,1.442,0.892,0.514,0.188,0.043,0.004
          Argentina,44361.15,3747.739,3663.629,3572.841,3511.684,3505.669,3469.604,3230.715,3129.529,2953.321,2493.456,2245.017,2068.223,1837.697,1593.441,1263.708,907.348,612.762,359.825,151.981,39.358,3.603
          Armenia,2951.741,210.839,211.285,186.935,168.606,198.279,254.674,263.07,219.44,177.655,159.712,179.274,210.112,179.686,115.45,68.151,55.203,59.867,21.378,10.116,1.688,0.321
          Aruba,105.846,5.697,6.136,7.011,7.359,7.666,6.597,5.275,6.153,7.075,7.776,8.687,8.862,7.207,5.564,3.851,2.473,1.534,0.669,0.206,0.044,0.004
          Australia,24898.153,1627.081,1613.033,1537.955,1490.577,1627.836,1799.764,1856.881,1735.734,1625.713,1642.012,1557.918,1525,1360.401,1202.618,996.233,691.975,490.412,315.278,152.878,44.935,3.919
          Austria,8891.383,433.611,415.522,422.16,453.884,528.849,600.803,611.806,591.124,566.106,655.136,724.601,663.629,534.68,436.021,420.258,365.611,236.109,139.327,71.426,19.578,1.142
          Azerbaijan,9949.537,872.446,795.839,656.863,653.878,788.512,932.525,912.692,758.442,634.247,620.019,655.475,619.059,433.137,249.555,126.753,104.72,91.078,33.142,9.331,1.703,0.121
          Bahamas,385.635,25.964,28.722,32.027,32.688,33.458,30.951,27.185,27.381,28.405,28.094,25.183,22.028,15.563,10.559,7.514,5.247,2.885,1.238,0.437,0.098,0.008
          Bahrain,1569.44,108.136,103.091,90.9,80.587,111.869,210.23,240.703,181.183,131.396,101.604,75.884,57.411,38.378,16.587,9.63,6.498,3.503,1.264,0.518,0.061,0.007
          Bangladesh,161376.713,14516.613,14793.821,15400.65,15679.76,15098.68,14308.76,13505.296,12307.843,10590.388,9076.138,7896.895,6007.405,3870.021,2711.991,2354.468,1651.411,954.505,453.943,156.684,37.298,4.143
          Barbados,286.64,15.101,16.304,18.306,19.049,18.868,18.556,18.461,19.014,19.455,20.261,20.111,20.258,17.601,14.131,10.806,7.804,5.85,3.727,2.02,0.757,0.2
          Belarus,9452.615,565.69,558.724,469.855,426.096,500.546,717.784,789.031,695.776,652.503,618.915,659.004,740.925,654.504,481.779,284.318,265.652,217.449,102.912,43.85,6.921,0.381
          Belgium,11482.18,636.887,668.856,652.597,631.924,673.949,728.799,742.512,750.375,752.702,778.848,808.662,792.527,706.208,621.501,506.76,373.238,321.924,211.144,95.168,25.86,1.739
          Belize,383.071,39.32,38.053,38.621,39.75,38.116,34.597,30.206,25.609,22.1,19.764,16.403,13.039,9.352,6.587,4.483,3.089,2.151,1.251,0.497,0.071,0.012
          Benin,11485.035,1841.613,1620.369,1413.152,1224.759,1054.349,886.49,734.534,609.599,504.155,415.668,338.811,265.794,202.067,148.661,106.024,68.827,32.809,12.9,3.693,0.719,0.042
          Bermuda,62.763,..,..,..,..,..,..,..,..,..,..,..,..,..,..,..,..,..,..,..,..,..
          Bhutan,754.396,62.84,63.692,67.888,71.775,76.703,78.645,71.451,58.205,45.924,37.194,30.849,24.272,19.67,14.925,12.399,8.84,5.188,2.586,1.001,0.296,0.053
          Bolivia (Plurinational State of),11353.14,1191.638,1176.779,1159.405,1120.693,1040.385,943.021,837.413,735,635.411,540.238,454.839,381.753,320.054,266.604,212.611,152.949,97.458,55.096,23.571,7.036,1.186
"          Bonaire, Sint Eustatius and Saba",25.709,..,..,..,..,..,..,..,..,..,..,..,..,..,..,..,..,..,..,..,..,..
          Bosnia and Herzegovina,3323.929,141.506,176.453,172.854,187.525,215.217,199.414,235.825,239.269,222.951,228.632,249.418,266.349,241.043,200.626,127.644,106.14,75.466,22.68,12.311,2.452,0.154
          Botswana,2254.067,272.144,259.147,237.596,214.994,199.65,193.856,184.151,169.111,135.229,98.642,73.812,64.611,55.897,40.488,26.94,16.537,7.235,3.059,0.855,0.112,0.001
          Brazil,209469.32,14654.251,14623.054,15410.983,16732.097,17190.674,17020.194,17393.953,16913.357,14943.303,13452.872,12572.191,11003.824,8867.89,6840.465,4791.307,3261.033,2125.796,1074.273,458.216,123.038,16.549
          British Virgin Islands,29.795,..,..,..,..,..,..,..,..,..,..,..,..,..,..,..,..,..,..,..,..,..
          Brunei Darussalam,428.96,34.053,32.849,31.873,34.711,34.864,35.789,38.861,37.656,34.532,31.003,26.031,20.543,15.293,9.45,5.102,3.109,2.037,0.865,0.274,0.061,0.004
          Bulgaria,7051.61,313.038,361.927,354.245,299.942,329.057,436.474,485.311,499.077,544.275,512.129,475.478,478.982,479.265,472.96,402.135,271.837,193.27,104.896,31.544,5.619,0.149
          Burkina Faso,19751.466,3344.616,2963.807,2569.482,2160.296,1799.959,1493.316,1248.77,1036.769,821.235,644.07,511.908,391.041,290.783,205.716,139.708,81.509,35.239,10.798,2.182,0.261,0.001
          Burundi,11175.379,1983.545,1710.868,1390.564,1135.779,1020.907,961.846,807.569,580.618,381.934,280.464,254.283,228.605,187.291,116.564,61.758,40.114,21.511,8.585,2.19,0.369,0.015
          Cabo Verde,543.764,53.375,52.325,50.783,48.925,49.414,53.227,50.174,41.577,32.622,27.389,24.655,20.329,13.903,8.738,4.407,5.009,4.224,2.099,0.521,0.063,0.005
          Cambodia,16249.795,1774.136,1731.305,1564.755,1476.205,1604.197,1446.045,1441.283,1314.151,597.792,822.809,718.317,590.807,425.608,329.1,198.596,121.53,61.911,24.562,5.695,0.957,0.034
          Cameroon,25216.261,4003.013,3597.762,3149.315,2683.88,2309.272,2046.649,1757.61,1420.366,1106.037,866.271,674.614,518.122,395.23,294.364,197.922,118.077,56.444,17.765,3.232,0.312,0.004
          Canada,37074.558,1954.329,1989.724,1939.729,2033.838,2453.461,2646.282,2580.485,2559.85,2397.358,2364.244,2570.177,2762.487,2433.774,2055.806,1631.907,1101.75,766.053,503.494,247.887,74.18,7.743
          Cayman Islands,64.172,..,..,..,..,..,..,..,..,..,..,..,..,..,..,..,..,..,..,..,..,..
          Central African Republic,4666.375,727.432,692.665,646.841,563.775,446.158,336.894,268.181,217.583,180.298,153.006,124.639,99.893,77.144,54.635,36.865,23.851,11.739,3.922,0.769,0.083,0.002
          Chad,15477.727,2814.746,2413.544,2065.789,1737.264,1429.094,1153.165,915.531,721.984,564.351,434.706,339.335,278.18,226.11,165.63,104.216,65.61,32.675,12.101,3.136,0.535,0.025
          Chile,18729.166,1202.88,1262.887,1233.965,1280.43,1460.256,1560.911,1460.964,1348.434,1290.653,1239.596,1198.819,1094.874,935.037,740.902,529.771,380.998,257.558,156.647,71.014,19.324,3.246
          China,1427647.789,85911.673,86164.078,83144.858,83712.481,89721.435,112622.386,121724.282,94156.432,105039.77,125635.521,116470.647,89387.359,78044.972,66972.302,38679.67,24884.481,15528.137,7079.07,2195.55,511.782,60.903
"          China, Hong Kong SAR",7371.728,319.729,290.176,267.391,294.086,415.95,498.745,548.51,578.317,562.061,562.8,601.078,640.926,547.959,422.296,281.334,178.245,177.471,111.467,53.156,17.027,3.004
"          China, Macao SAR",631.633,35.16,29.385,21.695,25.118,40.601,58.183,67.149,53.633,44.122,48.741,49.245,51.208,41.168,29.418,15.804,7.842,6.441,4.214,1.909,0.533,0.064
"          China, Taiwan Province of",23726.46,1046.83,981.905,1042.612,1338.418,1572.776,1601.789,1720.381,2016.765,1936.88,1750.62,1854.299,1824.387,1623.932,1252.065,777.83,553.882,423.923,257.828,114.003,31.883,3.452
          Colombia,49661.056,3729.917,3726.029,4004.847,4309.291,4405.366,4262.803,3899.577,3619.032,3252.39,2973.351,2854.273,2458.72,1955.23,1540.228,1065.63,727.941,478.235,258.932,105.309,30.423,3.532
          Comoros,832.322,121.555,110.204,97.327,86.007,76.791,69.003,60.618,49.796,39.553,32.281,26.57,21.41,16.176,10.756,6.671,4.372,2.189,0.804,0.203,0.035,0.001
          Congo,5244.363,804.862,743.099,642.268,533.894,445.102,380.502,345.959,319.046,278.912,224.882,172.297,124.849,88.056,61.569,40.338,23.633,11.002,3.429,0.608,0.056,0
          Cook Islands,17.519,..,..,..,..,..,..,..,..,..,..,..,..,..,..,..,..,..,..,..,..,..
          Costa Rica,4999.443,353.875,356.779,355.463,375.988,411.649,430.181,420.329,377.284,327.32,300.595,308.065,283.846,220.629,165.258,125.502,83.543,54.821,30.494,13.318,3.962,0.542
          Côte d'Ivoire,25069.226,3973.022,3451.788,3088.466,2785.332,2394.315,1984.637,1629.505,1351.332,1104.376,867.482,699.438,571.932,450.888,319.823,202.917,122.372,53.498,15.357,2.51,0.233,0.003
          Croatia,4156.407,188.522,210.609,204.032,211.847,241.974,245.093,270.679,289.637,282.364,271.966,293.199,302.622,294.021,261.174,191.521,162.932,133.954,69.651,25.613,4.718,0.279
          Cuba,11338.146,608.413,615.042,614.597,673.673,711.874,776.901,802.453,631.721,734.589,1003.872,1021.794,844.066,577.306,548.465,433.139,334.746,211.294,116.33,55.925,19.011,2.935
          Curaçao,162.753,9.625,10.328,10.781,10.705,9.774,9.459,9.111,9.12,9.808,11.365,12.261,12.56,10.698,9.125,7.133,4.835,3.273,1.747,0.755,0.25,0.04
          Cyprus,870.049,65.481,67.144,67.028,76.011,94.532,102.896,97.317,90.6,83.441,76.884,73.922,69.263,61.588,52.646,42.524,30.871,21.047,10.867,4.151,0.958,0.091
          Czechia,10665.679,544.529,574.966,542.917,458.803,519.384,672.43,722.537,827.525,934.181,798.596,669.09,655.642,673.686,693.637,572.915,366.259,224.748,143.628,56.73,13.079,0.397
          Czechoslovakia,_,_,_,_,_,_,_,_,_,_,_,_,_,_,_,_,_,_,_,_,_,_
          Dem. Rep. of the Congo,84068.092,15184.995,12908.426,10717.155,8762.102,7213.595,6023.394,4992.927,4125.964,3389.983,2784.122,2259.318,1790.771,1378.299,1035.491,738.139,443.197,216.947,79.589,20.165,3.354,0.159
          Denmark,5752.131,293.368,316.383,336.95,345.372,385.457,385.309,330.593,328.518,368.493,398.146,419.121,375.259,329.496,337.747,331.841,209.931,134.337,75.635,37.437,11.499,1.239
          Djibouti,958.923,101.445,93.372,88.776,91.09,88.916,87.219,83.27,72.848,62.573,49.586,40.089,32.929,23.39,17.06,12.975,7.585,3.833,1.497,0.398,0.068,0.004
          Dominica,71.626,..,..,..,..,..,..,..,..,..,..,..,..,..,..,..,..,..,..,..,..,..
          Dominican Republic,10627.147,1008.911,990.644,973.612,961.739,949.072,898.4,800.104,717.745,650.915,588.389,523.145,450.215,361.549,267.346,185.763,130.907,89.837,48.359,21.047,7.445,2.003
          Ecuador,17084.359,1653.388,1583.658,1551.458,1563.363,1528.387,1422.649,1309.904,1175.983,1056.956,946.667,816.648,683.675,568.847,434.784,301.504,223.814,139.518,76.715,33.233,10.957,2.251
          Egypt,98423.602,12972.433,11184.771,9108.692,8561.615,8289.486,8143.909,7832.882,6735.503,5586.295,4624.163,4043.525,3463.59,2729.378,2081.228,1492.69,796.936,485.314,213.364,63.804,13.133,0.891
          El Salvador,6420.74,577.579,577.541,586.927,622.708,642.166,555.222,451.474,403.599,375.599,334.062,294.454,253.804,213.5,174.375,133.634,105.048,69.983,34.42,11.697,2.756,0.192
          Equatorial Guinea,1308.966,190.558,162.221,133.034,118.043,126.962,136.524,127.69,95.373,62.951,45.709,34.43,23.834,19.472,14.173,8.753,5.542,2.625,0.899,0.159,0.014,0
          Eritrea,3452.797,483.343,503.173,458.33,337.533,286.935,295.999,254.296,176.575,145.287,122.429,84.436,81.525,67.751,59.847,45.436,28.096,14.321,5.544,1.588,0.331,0.022
          Estonia,1322.913,67.973,76.725,71.694,58.46,66.015,92.796,99.4,89.858,92.135,89.196,81.859,90.097,87.075,74.608,56.232,53.563,41.154,22.373,9.612,1.952,0.136
          Eswatini,1136.274,142.565,147.337,143.182,126.456,114.161,97.141,82.074,73.182,55.25,40.312,27.548,21.904,19.564,16.81,13.177,8.663,4.669,1.764,0.44,0.071,0.004
          Ethiopia,109224.41,16339.13,14683.293,13522.592,12605.474,11042.648,8803.999,6990.554,5777.667,4611.237,3811.179,2945.218,2338.289,1929.064,1491.333,1110.177,675.09,349.796,150.082,40.328,6.875,0.385
          Ethiopia (...1991),_,_,_,_,_,_,_,_,_,_,_,_,_,_,_,_,_,_,_,_,_,_
          Faroe Islands,48.497,..,..,..,..,..,..,..,..,..,..,..,..,..,..,..,..,..,..,..,..,..
          Falkland Islands (Malvinas),3.236,..,..,..,..,..,..,..,..,..,..,..,..,..,..,..,..,..,..,..,..,..
          Fiji,883.49,90.668,89.032,81.039,73.226,72.141,70.039,68.035,66.041,54.459,48.242,47.917,43.07,31.431,21.135,14.201,7.707,3.477,1.278,0.308,0.042,0.002
          Finland,5522.585,278.708,309.942,302.977,295.568,328.646,354.296,348.544,356.581,329.623,324.271,364.858,369.819,359.192,373.358,323.284,203.199,150.362,93.281,43.761,11.442,0.873
          France,67229.707,3909.067,4134.664,4164.226,4033.821,3854.808,3888.73,4115.621,4102.243,4216.249,4571.538,4511.585,4337.935,4052.282,3930.279,3187.796,2112.53,1857.614,1317.295,665.038,208.293,19.411
          French Polynesia,277.673,19.314,21.323,22.567,21.697,20.697,20.53,22.734,19.849,19.673,20.509,18.357,15.36,12.045,8.907,5.65,4.49,2.296,1.276,0.31,0.081,0.008
          Gabon,2119.275,310.529,260.438,213.712,185.452,181.585,190.988,180.926,148.683,118.917,94.696,70.185,49.849,37.789,28.96,21.139,14.178,7.745,2.888,0.564,0.052,0
          Gambia,2280.092,392.902,334.292,282.175,244.129,218.477,187.532,146.711,113.977,90.395,72.901,61.53,44.88,31.138,24.613,18.211,10.308,4.385,1.28,0.231,0.025,0
          Georgia,4002.946,279.495,276.406,236.502,220.379,250.271,283.607,290.172,272.918,262.817,250.902,262.946,278.637,242.851,197.524,135.272,112.695,96.093,36.283,14.844,2.225,0.107
          Germany,83124.413,3868.886,3660.848,3792.733,4180.724,4521.012,4939.491,5408.943,5207.742,4923.189,5729.072,6963.24,6562.185,5526.457,4528.325,3882.691,3903.063,3064.361,1517.603,730.429,196.856,16.563
"          Germany, Federal Republic of",_,_,_,_,_,_,_,_,_,_,_,_,_,_,_,_,_,_,_,_,_,_
          Ghana,29767.108,4104.009,3742.928,3344.324,3039.202,2753.102,2449.376,2153.022,1813.608,1549.091,1340.358,1118.634,860.629,585.301,394.013,275.622,146.853,68.971,22.821,4.633,0.598,0.013
          Gibraltar,33.715,..,..,..,..,..,..,..,..,..,..,..,..,..,..,..,..,..,..,..,..,..
          Greece,10522.244,426.923,511.275,542.404,529.196,531.871,551.2,660.017,770.702,790.702,805.667,771.372,702.506,649.758,581.914,509.792,420.021,399.585,246.111,95.592,23.29,2.346
          Greenland,56.565,..,..,..,..,..,..,..,..,..,..,..,..,..,..,..,..,..,..,..,..,..
          Grenada,111.449,9.055,9.1,8.105,7.873,9.285,9.682,9.361,8.045,6.338,6.222,6.115,6.332,5.212,3.524,2.679,2.026,1.427,0.748,0.268,0.049,0.003
          Guam,165.77,13.628,13.348,13.579,14.021,13.739,12.757,11.079,9.836,9.947,10.418,10.337,9.362,7.39,6.096,4.286,2.645,1.974,0.946,0.296,0.078,0.008
          Guatemala,17247.855,2048.992,1948.234,1942.135,1912.678,1742.336,1518.578,1288.225,1102.507,875.325,681.079,539.401,442.186,376.194,294.237,201.438,152.058,102.743,55.118,19.723,4.332,0.336
          Guinea,12414.292,2019.747,1800.944,1622.918,1439.207,1217.697,971.046,753.74,585.523,459.425,373.779,317.609,268.714,220.671,160.332,99.182,63.81,29.036,8.966,1.739,0.203,0.004
          Guinea-Bissau,1874.304,298.103,266.184,229.277,196.835,174.494,154.534,131.767,106.23,81.077,62.743,47.893,39.302,32.938,24.928,14.384,8.542,3.625,1.206,0.221,0.021,0
          Guyana,779.007,75.657,71.783,72.357,78.726,78.453,60.052,45.669,49.839,45.968,45.669,41.618,35.278,27.692,19.48,12.82,8.041,5.922,1.84,1.417,0.631,0.095
          Haiti,11123.183,1269.115,1236.182,1192.288,1130.054,1049.371,966.946,898.607,768.222,566.881,458.634,411.445,346.223,278.674,209.631,143.616,105.023,57.417,24.518,8.02,2.043,0.273
          Holy See,0.81,..,..,..,..,..,..,..,..,..,..,..,..,..,..,..,..,..,..,..,..,..
          Honduras,9587.523,1002.778,1003.587,1036.801,1043.976,977.622,849.972,750.312,650.851,538.331,435.03,351.3,276.525,220.723,163.852,110.02,77.133,52.437,29.616,12.521,3.714,0.422
          Hungary,9707.502,448.379,465.037,485.627,488.282,564.044,634.592,608.482,713.894,825.284,731.833,603.666,586.04,692.599,632.249,451.776,353.5,230.998,126.907,48.955,14.736,0.622
          Iceland,336.712,21.016,23.256,22.508,21.246,23.581,24.894,23.167,22.972,21.419,20.922,21.035,21.406,19.473,16.214,12.611,8.423,6.026,4.175,1.809,0.514,0.045
          India,1352642.283,116379.348,122251.242,127303.797,125306.996,121070.146,116034.861,109848.506,98996.224,86339.547,76034.795,66135.088,56644.186,46704.827,34652.199,21936.059,14293.763,8037.255,3360.146,1030.794,240.673,41.831
          Indonesia,267670.549,24350.302,23649.762,23069.691,23299.761,22102.651,20399.464,20534.409,20947.837,19195.948,17536.494,15104.727,12382.352,9419.261,6356.008,4239.186,2795.098,1505.327,569.537,182.423,29.068,1.243
          Indonesia (...2002),_,_,_,_,_,_,_,_,_,_,_,_,_,_,_,_,_,_,_,_,_,_
          Iran (Islamic Republic of),81800.204,7441.55,6667.157,5913.285,5436.132,5947.078,7562.518,8674.293,7668.196,5868.363,4933.278,4289.19,3473.925,2866.182,1978.487,1287.083,873.184,577.566,273.777,56.625,11.836,0.499
          Iraq,38433.604,5404.397,4966.945,4381.994,4029.218,3649.867,3206.069,2754.374,2351.281,2024.938,1665.044,1237.137,807.236,677.723,549.193,307.723,235.278,120.781,48.521,13.185,2.538,0.162
          Ireland,4818.694,328.989,363.694,338.817,297.084,275.544,275.004,332.402,391.4,385.098,343.836,300.701,274.739,243.223,224.2,177.875,120.406,79.189,41.55,18.443,5.938,0.562
          Israel,8381.507,845.588,789.5,705.463,646.935,598.901,562.444,559.977,552.789,529.196,465.317,398.711,366.292,356.54,344.308,249.27,154.643,122.403,81.77,38.884,11.563,1.013
          Italy,60627.291,2442.494,2768.81,2869.745,2863.711,2973.472,3197.654,3417.097,3803.402,4469.335,4937.591,4879.297,4431.191,3779.643,3563.958,3213.162,2639.428,2220.209,1327.127,631.952,181.855,16.158
          Jamaica,2934.853,236.267,229.752,231.012,253.132,266.93,250.721,227.794,199.45,178.242,180.012,166.348,143.066,113.957,85.084,66.383,46.644,31.854,18.527,7.73,1.746,0.202
          Japan,127202.19,5051.07,5495.305,5604.087,5811.288,6046.605,6347.085,7123.587,7923.727,9209.26,9719.103,8284.48,7685.721,7822.1,9031.725,8747.1,6599.392,5101.893,3406.595,1621.251,502.245,68.571
          Jordan,9965.322,1115.997,1177.221,1119.446,1009.395,916.956,835.928,760.65,680.396,584.12,506.139,397.593,285.659,192.49,139.495,108.439,75.453,40.198,15.351,3.792,0.577,0.027
          Kazakhstan,18319.616,1963.835,1856.629,1393.383,1051.226,1239.932,1609.67,1570.375,1259.28,1163.278,1055.163,1029.058,1010.561,763.05,530.774,281.112,265.546,197.24,52.339,23.6,3.321,0.244
          Kenya,51392.57,6992.981,6957.109,6495.002,5725.407,4883.674,4216.825,3859.45,3208.068,2534.789,1946.544,1458.572,1098.088,813.902,561.759,326.042,175.391,97.684,34.617,6.061,0.599,0.006
          Kiribati,115.842,14.622,14.401,12.146,10.492,10.924,9.669,8.758,7.172,5.731,5.167,5.396,4.078,2.708,1.953,1.336,0.747,0.324,0.147,0.057,0.012,0.002
"          Korea, Dem. People's Rep. of",25549.606,1743.779,1658.965,1758.816,1919.636,1975.636,1949.132,1843.475,1667.467,1763.684,2272.876,1896.709,1499.114,1215.39,666.655,779.657,536.558,279.266,92.96,25.231,4.387,0.213
"          Korea, Republic of",51171.7,2059.932,2274.328,2304.417,2751.91,3412.031,3406.243,3448.089,3883.174,4077.398,4362.998,4298.23,4103.134,3411.624,2391.023,1871.881,1472.599,970.107,461.535,164.768,42.801,3.478
          Kuwait,4137.314,301.984,316.324,272.429,216.643,211.78,269.528,423.495,523.74,491.904,411.845,289.042,181.697,121.377,54.195,26.415,15.497,7.541,1.706,0.132,0.04,0
          Kyrgyzstan,6304.025,787.721,703.921,547.741,496.103,538.608,585.473,531.01,404.098,346.349,315.288,297.839,270.853,195.678,122.423,62.16,38.184,38.695,16.423,4.485,0.935,0.038
          Lao People's Dem. Rep.,7061.498,787.932,772.655,741.762,705.227,697.504,653.673,558.422,464.828,394.555,332.75,271.612,222.204,170.63,120.726,77.557,49.321,26.704,10.27,2.714,0.433,0.019
          Latvia,1928.461,107.315,100.958,100.199,80.23,90.287,134.842,139.247,123.286,128.841,130.577,131.665,144.104,130.375,105.817,86.034,83.612,55.044,35.169,16.274,4.134,0.451
          Lebanon,6859.408,616.545,592.836,580.574,601.559,610.732,576.967,519.885,488.529,446.988,413.123,384.685,310.503,236.113,182.249,115.889,80.632,63.311,29.288,7.246,1.617,0.137
          Lesotho,2108.327,252.292,221.388,216.092,216.554,204.034,191.815,172.831,144.371,109.646,84.932,73.066,64.933,53.051,39.867,28.117,17.897,10.668,5.16,1.397,0.204,0.012
          Liberia,4818.976,720.608,661.604,599.592,520.543,428.994,359.479,322.681,279.44,229.101,184.65,147.486,117.425,90.593,64.086,43.329,30.12,13.929,4.42,0.816,0.08,0
          Libya,6678.565,642.209,652.061,597.041,548.654,543.99,567.991,586.988,577.666,541.845,445.214,322.947,210.238,148.382,108.574,76.607,57.46,32.485,13.656,3.865,0.664,0.028
          Lithuania,2801.27,149.183,143.359,124.38,133.019,166.374,197.495,178.407,159.825,180.633,195.782,210.382,225.581,184.938,148.609,119.345,115.488,87.069,53.981,22.027,5.043,0.35
          Luxembourg,604.244,32.903,31.493,31.552,34.897,39.433,43.56,46.802,46.655,45.159,47.494,46.428,39.88,32.291,25.93,20.384,15.128,12.053,8.093,3.258,0.786,0.065
          Madagascar,26262.313,3934.343,3532.562,3213.488,2896.448,2512.718,2063.693,1713.164,1459.105,1231.294,996.609,797.595,634.297,492.61,340.968,202.492,129.504,71.75,29.567,8.351,1.639,0.116
          Malawi,18143.215,2835.168,2704.021,2426.101,2041.207,1727.804,1457.514,1186.293,921.007,747.997,578.304,442.046,338.588,257.206,195.005,144.346,84.33,39.977,13.295,2.706,0.295,0.005
          Malaysia,31528.033,2605.619,2447.189,2512.388,2750.105,2876.137,2913.29,2887.376,2478.605,1978.984,1824.174,1611.781,1403.534,1135.371,854.461,574.741,336.15,212.738,90.385,27.554,6.62,0.831
          Maldives,515.703,36.797,37.244,29.547,30.799,58.09,79.936,69.498,47.709,33.851,26.431,20.122,15.8,10.833,6.021,4.675,4.275,2.628,1.054,0.306,0.079,0.009
          Mali,19077.755,3460.191,3035.326,2574.693,2066.813,1647.244,1338.242,1111.842,944.044,774.402,600.817,441.926,333.861,270.018,205.142,135.928,86.073,36.069,12.269,2.54,0.308,0.007
          Malta,439.255,21.615,21.058,20.038,21.744,26.931,31.455,32.901,32.005,30.238,26.691,25.913,29.698,29.585,28.688,25.218,15.382,10.888,6.011,2.445,0.684,0.067
          Marshall Islands,58.412,..,..,..,..,..,..,..,..,..,..,..,..,..,..,..,..,..,..,..,..,..
          Mauritania,4403.312,668.659,587.169,509.16,447.29,396.964,356.658,316.083,265.57,216.233,173.287,138.309,108.552,81.066,56.834,38.899,24.082,12.342,4.732,1.213,0.201,0.009
          Mauritius,1267.184,65.79,72.607,87.083,95.023,98.132,98.665,85.514,92.92,94.886,82.086,89.573,87.376,72.13,58.862,38.587,22.234,14.62,7.387,2.812,0.803,0.094
          Mexico,126190.782,11138.54,11176.513,11197.144,11156.027,10969.453,10505.672,9513.343,8901.648,8413.833,7697.817,6570.06,5472.596,4362.465,3268.604,2281.974,1599.949,1004.993,592.197,270.037,85.509,12.408
          Micronesia (Federated States of),112.64,12.062,11.89,11.763,11.759,11.751,10.022,7.724,6.566,5.841,5.406,5.064,4.572,3.721,2.418,1.154,0.491,0.291,0.113,0.027,0.005,0
          Mongolia,3170.214,380.273,333.016,250.761,215.235,244.381,294.28,295.588,239.817,216.001,190.55,163.737,132.386,84.732,52.4,33.522,23.535,12.773,5.481,1.452,0.277,0.017
          Montenegro,627.803,36.588,38.326,39.403,39.895,42.366,42.926,44.087,45.313,42.279,39.79,39.945,42.501,40.369,34.245,21.672,16.57,13.399,6.104,1.732,0.279,0.014
          Montserrat,4.993,..,..,..,..,..,..,..,..,..,..,..,..,..,..,..,..,..,..,..,..,..
          Morocco,36029.089,3432.555,3312.007,3057.675,2937.05,2958.149,2995.308,2836.312,2616.195,2241.041,2020.536,1895.428,1753.868,1446.296,986.495,623.934,494.364,288.002,107.897,23.519,2.41,0.048
          Mozambique,29496.009,4943.843,4367.964,3864.276,3304.325,2699.852,2220.431,1845.594,1515.463,1189.533,928.348,733.072,578.343,452.296,352.355,247.209,149.35,73.616,24.84,4.77,0.519,0.01
          Myanmar,53708.318,4517.676,4641.96,5003.779,5055.293,4692.422,4354.449,4105.148,3926.16,3700.834,3360.935,2901.458,2393.178,1948.169,1375.109,799.409,509.873,277.749,111.723,28.205,4.588,0.201
          Namibia,2448.3,332.208,306.43,265.034,243.937,243.425,220.875,185.3,149.756,123.722,99.093,78.269,63.909,47.319,33.24,23.707,16.855,9.58,4.209,1.268,0.162,0.002
          Nauru,10.678,..,..,..,..,..,..,..,..,..,..,..,..,..,..,..,..,..,..,..,..,..
          Nepal,28095.712,2718.932,2791.046,3028.643,3271.629,3049.892,2344.275,1848.731,1649.625,1513.483,1355.048,1176.434,958.351,780.427,623.93,461.422,312.328,138.998,54.973,15.178,2.28,0.087
          Netherlands,17059.56,872.822,904.236,970.912,1018.583,1035.595,1080.945,1053.809,998.87,1048.508,1211.464,1289.01,1216.877,1083.102,1016.019,874.754,581.865,415.899,247.22,105.926,30.53,2.614
          Netherlands Antilles,_,_,_,_,_,_,_,_,_,_,_,_,_,_,_,_,_,_,_,_,_,_
          New Caledonia,279.986,20.347,21.859,21.467,22.204,22.02,19.696,20.906,20.172,20.338,20.323,17.726,15.509,11.738,9.551,7.474,4.655,2.485,1.054,0.377,0.078,0.007
          New Zealand,4743.131,300.84,319.676,311.675,305.729,334.408,339.413,309.293,281.499,289.458,316.454,316.365,308.834,267.074,235.207,196.55,133.245,88.563,54.125,26.99,7.093,0.64
          Nicaragua,6465.502,664.39,658.401,629.905,601.558,592.765,578.986,541.094,480.582,392.279,316.116,258.683,224.477,186.99,125.995,77.469,64.316,39.685,20.687,8.359,2.405,0.36
          Niger,22442.831,4503.387,3703.027,3011.476,2413.265,1901.854,1482.073,1150.949,929.095,787.04,642.361,539.749,453.656,342.498,259.542,174.584,95.773,38.641,11.493,2.127,0.238,0.003
          Nigeria,195874.685,32917.192,28587.995,24418.458,20519.511,16982.122,14404.958,12536.904,10768.627,8851.133,7024.151,5578.693,4483.084,3420.441,2461.248,1627.218,860.641,331.511,85.561,13.746,1.47,0.021
          Niue,1.61,..,..,..,..,..,..,..,..,..,..,..,..,..,..,..,..,..,..,..,..,..
          North Macedonia,2082.956,115.794,113.188,115.059,124.387,139.253,158.542,164.343,161.576,150.687,145.701,144.241,136.559,128.886,106.624,72.847,53.245,33.635,14.166,3.686,0.524,0.014
          Northern Mariana Islands,56.889,..,..,..,..,..,..,..,..,..,..,..,..,..,..,..,..,..,..,..,..,..
          Norway,5337.96,300.868,318.172,317.719,324.457,353.067,368.509,366.93,349.591,355.417,383.122,363.657,326.745,299.632,280.021,246.575,158.565,106.542,69.925,35.704,11.768,0.974
          Oman,4829.476,439.891,358.215,274.57,226.321,407.898,736.214,770.053,521.482,358.751,251.043,165.69,123.649,80.365,44.686,27.765,23.279,11.146,5.214,2.321,0.746,0.177
"          Pacific Islands, Trust Territory",_,_,_,_,_,_,_,_,_,_,_,_,_,_,_,_,_,_,_,_,_,_
          Pakistan,212228.288,27290.918,24703.565,22857.997,21595.709,20339.455,18436.532,15801.252,13071.727,10848.912,9118.679,7830.671,6428.153,4751.785,3392.507,2620.43,1749.986,907.225,364.795,99.98,17.209,0.801
          Palau,17.911,..,..,..,..,..,..,..,..,..,..,..,..,..,..,..,..,..,..,..,..,..
          Panama,4176.868,389.162,378.623,362.572,352.272,339.503,321.525,308.924,294.223,280.461,256.49,222.015,185.311,147.264,112.809,84.515,60.999,40.338,23.457,11.288,4.184,0.933
"          Panama, excluding Canal Zone",_,_,_,_,_,_,_,_,_,_,_,_,_,_,_,_,_,_,_,_,_,_
          Papua New Guinea,8606.324,1083.672,1028.175,970.589,895.266,793.447,683.195,618.545,561.602,482.593,400.669,326.784,262.557,202.719,140.075,81.643,44.865,20.741,7.317,1.72,0.147,0.003
          Paraguay,6956.069,692.595,684.529,670.779,670.578,675.614,633.133,574.499,479.203,372.656,310.365,284.651,248.139,212.038,167.458,115.845,79.802,48.769,23.149,9.664,2.334,0.269
          Peru,31989.265,2756.62,2768.749,2724.806,2578.25,2710.096,2712.434,2539.798,2356.7,2135.814,1907.659,1660.739,1396.513,1153.602,913.141,654.447,481.715,314.752,157.994,52.321,11.968,1.147
          Philippines,106651.394,11035.267,11260.81,10726.369,10365.018,9973.245,9077.215,7851.666,7007.296,6290.871,5568.535,4876.33,4010.845,3144.543,2254.207,1467.812,900.913,532.835,218.357,72.09,15.716,1.454
          Poland,37921.585,1843.21,1980.529,1884.378,1779.934,2169.002,2627.632,3008.472,3165.389,2829.16,2432.729,2242.08,2549.568,2766.676,2332.361,1585.906,1013.964,892.714,535.6,223.665,54.468,4.148
          Portugal,10256.192,413.192,460.513,506.457,535.495,539.78,539.867,593.09,702.465,798.155,791.28,742.565,723.242,658.228,615.643,541.613,436.417,344.937,210.197,80.433,20.855,1.768
          Qatar,2781.682,134.256,132.029,110.206,118.794,265.277,453.751,458.666,342.338,258.977,201.81,138.7,84.152,44.62,22.125,9.164,3.06,2.132,0.96,0.439,0.141,0.085
          Republic of Moldova,4051.95,210.194,223.483,208.969,211.055,272.915,375.763,407.132,332.507,286.449,247.18,258.104,290.054,263.403,194.116,94.423,82.962,54.899,27.481,9.232,1.55,0.079
          Romania,19506.11,930.138,1039.279,1060.801,1003.341,1041.478,1246.486,1350.47,1307.908,1562.043,1555.51,1351.497,1113.711,1366.397,1190.517,827.677,633.684,542.121,266.486,96.102,19.303,1.161
          Russian Federation,145734.034,9497.26,8921.018,7688.159,6669.614,7214.019,10590.506,12750.914,11435.249,10362.416,9197.854,9246.27,10843.485,9930.147,7667.532,4557.114,3673.876,3388.384,1347.123,648.16,96.544,8.39
          Rwanda,12301.969,1800.946,1636.54,1480.302,1288.225,1121.155,1011.657,943.018,752.032,546.646,412.979,366.797,347.049,233.169,163.223,97.801,55.672,26.72,15.75,1.647,0.637,0.004
          Saint Barthélemy,9.824,..,..,..,..,..,..,..,..,..,..,..,..,..,..,..,..,..,..,..,..,..
          Saint Helena,6.039,..,..,..,..,..,..,..,..,..,..,..,..,..,..,..,..,..,..,..,..,..
          Saint Kitts and Nevis,52.438,..,..,..,..,..,..,..,..,..,..,..,..,..,..,..,..,..,..,..,..,..
          Saint Lucia,181.89,11.059,10.865,11.782,14.309,16.714,16.058,14.08,13.766,12.738,12.689,12.14,10.255,7.595,5.754,4.547,3.308,2.247,1.213,0.579,0.164,0.028
          Saint Martin (French part),37.264,..,..,..,..,..,..,..,..,..,..,..,..,..,..,..,..,..,..,..,..,..
          Saint Pierre and Miquelon,5.845,..,..,..,..,..,..,..,..,..,..,..,..,..,..,..,..,..,..,..,..,..
          Saint Vincent and the Grenadines,110.21,7.981,8.221,8.64,9.365,9.018,8.098,7.951,7.767,7.372,6.909,6.985,6.484,4.851,3.568,2.475,1.831,1.572,0.872,0.202,0.043,0.005
          Samoa,196.128,27.861,25.201,22.094,18.542,16.406,13.614,11.292,10.675,10.123,9.728,8.678,7.066,5.432,3.665,2.518,1.788,0.882,0.385,0.161,0.017,0
          San Marino,33.784,..,..,..,..,..,..,..,..,..,..,..,..,..,..,..,..,..,..,..,..,..
          Sao Tome and Principe,211.032,31.419,30.322,27.988,23.027,17.468,15.025,13.978,12.382,9.876,7.511,6.886,5.083,3.894,2.443,1.576,1.065,0.721,0.259,0.096,0.012,0.001
          Saudi Arabia,33702.757,3006.908,2901.121,2530.134,2260.948,2501.598,3013.153,3303.05,3514.223,3372.302,2518.051,1722.305,1187.575,754.616,488.776,273.469,190.325,99.347,45.151,15.844,3.606,0.255
          Senegal,15854.324,2556.654,2305.258,1964.165,1664.726,1442.859,1236.51,1053.595,870.404,682.99,545.142,432.468,341.015,269.13,201.893,137.005,89.6,43.586,14.16,2.82,0.339,0.005
          Serbia,8802.741,422.179,458.506,500.44,518.182,543.275,595.329,612.468,605.006,623.875,597.761,566.725,554.492,589.573,588.921,406.988,263.682,214.719,107.057,29.394,4.066,0.103
          Serbia and Montenegro,_,_,_,_,_,_,_,_,_,_,_,_,_,_,_,_,_,_,_,_,_,_
          Seychelles,97.094,8.036,7.871,7.042,6.337,6.733,7.226,7.274,7.493,7.546,7.324,6.692,5.85,4.297,2.504,1.667,1.542,0.895,0.514,0.206,0.04,0.005
          Sierra Leone,7650.149,1134.401,1051.439,955.281,832.647,720.031,620.633,525.272,433.942,349.154,280.503,221.308,170.759,127.828,94.615,66.267,39.11,18.347,6.599,1.697,0.299,0.017
          Singapore,5757.503,236.097,229.785,241.042,307.251,415.449,427.754,438.584,464.717,481.664,483.279,472.424,476.478,422.979,297.804,147.827,90.668,68.231,36.019,14.74,4.016,0.695
          Sint Maarten (Dutch part),41.936,..,..,..,..,..,..,..,..,..,..,..,..,..,..,..,..,..,..,..,..,..
          Slovakia,5453.017,281.74,286.749,273.799,266.935,318.492,387.415,422.796,451.211,444.715,377.857,351.133,371.772,366.163,310.553,215.374,148.906,97.264,55.594,19.944,4.439,0.166
          Slovenia,2077.835,104.193,109.102,98.831,91.204,99.595,118.151,141.194,155.002,154.649,147.877,152.615,149.859,148.163,127.526,91.772,77.475,57.821,35.432,13.901,3.271,0.203
          Socialist Federal Republic of Yugoslavia,_,_,_,_,_,_,_,_,_,_,_,_,_,_,_,_,_,_,_,_,_,_
          Solomon Islands,652.856,100.72,86.922,75.08,67.181,57.718,47.724,41.359,39.059,35.744,28.424,20.789,16.484,12.158,8.918,6.799,4.294,2.115,1.041,0.265,0.058,0.004
          Somalia,15008.225,2673.108,2303.914,2013.292,1726.133,1412.71,1055.212,796.277,631.168,547.035,472.569,384.371,310.809,250.395,187.666,123.644,70.265,33.912,11.655,3.434,0.62,0.036
          South Africa,57792.52,5796.363,5762.526,5246.941,4833.393,5003.55,5326.58,5245.539,4437.119,3595.232,3079.701,2563.697,2118.958,1709.599,1260.337,841.849,553.87,286.2,105.943,22.522,2.554,0.047
          South Sudan,10975.924,1702.482,1535.131,1352.53,1183.294,1036.939,871.541,709.254,572.035,479.351,394.539,321.61,253.527,190.676,143.712,111.619,68.135,33.405,12.492,3.113,0.516,0.023
          Spain,46692.863,2025.429,2411.384,2411.432,2202.157,2275.239,2415.564,2832.238,3608.849,4057.681,3825.272,3564.313,3278.287,2735.999,2344.12,2138.623,1674.157,1314.906,1015.884,434.038,115.623,11.668
          Sri Lanka,21228.76,1690.149,1722.606,1723.887,1623.249,1496.262,1423.637,1419.549,1529.409,1477.501,1333.381,1300.045,1211.519,1054.142,870.255,655.543,353.963,189.623,106.143,39.255,8.121,0.521
          State of Palestine,4862.978,689.967,643.517,560.518,511.016,495.682,433.355,336.407,274.554,229.431,187.812,154.946,114.99,78.415,60.448,44.516,26.921,14.025,4.939,1.275,0.234,0.01
          Sudan,41801.532,6158.11,5632.183,5143.006,4580.638,3920.409,3217.639,2648.833,2281.14,1914.962,1612.638,1331.512,1047.265,816.219,612.381,419.018,257.096,134.25,54.449,16.186,3.351,0.247
          Sudan (...2011),_,_,_,_,_,_,_,_,_,_,_,_,_,_,_,_,_,_,_,_,_,_
          Suriname,575.987,52.772,52.318,51.407,50.297,48.694,46.065,42.2,38.064,36.352,36.5,33.208,29.141,19.19,14.424,10.605,7.124,4.554,2.102,0.769,0.18,0.021
          Sweden,9971.63,591.217,595.927,566.043,513.84,602.523,729.293,655.344,606.953,620.884,672.443,663.026,599.124,551.154,556.465,546.301,385.418,248.437,159.061,80.848,25.208,2.121
"          Switzerland, Liechtenstein",8563.532,444.357,420.928,405.967,430.086,494.303,559.686,602.724,597.201,565.902,629.946,680.664,609.365,496.743,439.629,404.553,303.692,214.25,139.419,66.173,18.373,1.653
          Syrian Arab Republic,16945.062,1796.729,1807.154,1720.513,1599.11,1580.716,1514.316,1501.587,1284.127,982.061,767.279,654.716,547.533,426.157,304.522,187.623,135.883,81.321,40.119,11.262,2.196,0.138
          Tajikistan,9100.847,1329.183,1124.417,894.085,814.309,840.647,820.817,730.526,546.621,445.258,397.863,362.914,307.525,211.666,118.748,66.34,42.346,31.291,11.459,4.32,0.494,0.018
          Thailand,69428.454,3692.342,3959.615,4211.245,4563.778,4884.251,4675.688,4519.282,5003.944,5501.947,5703.352,5503.696,4908.009,4038.66,2929.867,2075.092,1492.028,994.312,514.958,199.876,49.329,7.183
          Timor-Leste,1267.975,169.18,153.296,156.573,147.536,126.105,107.237,82.174,59.096,48.32,53.989,45.8,37.383,26.55,20.008,17.342,10.22,5.015,1.622,0.457,0.069,0.003
          Togo,7889.095,1188.874,1093.109,978.936,835.748,698.71,608.243,546.569,470.558,385.228,303.077,234.493,181.258,137.914,100.889,66.947,37.226,15.778,4.601,0.84,0.097,0
          Tokelau,1.318,..,..,..,..,..,..,..,..,..,..,..,..,..,..,..,..,..,..,..,..,..
          Tonga,103.199,12.317,12.29,11.941,11.053,9.081,6.994,6.219,5.958,5.206,5.036,4.608,3.541,2.807,2.196,1.585,1.164,0.737,0.338,0.113,0.015,0
          Trinidad and Tobago,1389.841,92.061,97.537,94.204,87.226,89.122,105.59,124.204,118.749,95.797,86.76,88.019,90.079,71.299,56.012,40.647,26.983,14.852,7.052,2.847,0.723,0.078
          Tunisia,11565.203,1035.907,946.913,812.456,791.459,857.267,917.653,960.663,949.022,789.662,716.663,700.692,617.209,507.872,366.977,223.879,171.726,120.349,58.75,16.172,3.692,0.22
          Turkey,82340.09,6749.274,6796.813,6750.378,6808.446,6619.342,6353.654,6406.987,6267.386,5795.732,5164.607,4509.848,3901.15,3231.534,2502.441,1805.068,1291.512,837.872,416.461,110.998,19.52,1.067
          Turkmenistan,5850.902,696.178,607.46,499.748,469.558,494.679,556.43,492.713,409.979,357.677,306.476,276.963,240.985,183.057,112.777,56.372,38.509,32.745,12.753,4.944,0.826,0.073
          Turks and Caicos Islands,37.667,..,..,..,..,..,..,..,..,..,..,..,..,..,..,..,..,..,..,..,..,..
          Tuvalu,11.505,..,..,..,..,..,..,..,..,..,..,..,..,..,..,..,..,..,..,..,..,..
          Uganda,42729.032,7538.306,6711.902,5802.684,4865.078,3996.818,3260.641,2605.865,2057.07,1608.823,1255.145,968.444,709.934,518.94,369.257,237.708,134.034,59.958,23.858,4.126,0.436,0.005
          Ukraine,44246.158,2250.414,2523.646,2222.371,1965.263,2341.635,3124.018,3707.67,3549.255,3257.96,2962.628,2953.677,3166.56,2949.464,2434.699,1610.388,1409.368,1150.299,417.77,214.594,32.52,1.959
          Union of Soviet Socialist Republics,_,_,_,_,_,_,_,_,_,_,_,_,_,_,_,_,_,_,_,_,_,_
          United Arab Emirates,9630.966,503.147,496.054,410.445,407.355,754.01,1380.333,1664.503,1344.404,984.849,699.874,446.233,300.45,134.767,45.533,32.063,15.585,6.435,3.73,0.876,0.291,0.029
          United Kingdom,67396.247,3985.614,4110.253,3799.354,3718.673,4168.335,4542.253,4659.443,4456.905,4257.073,4446.543,4706.864,4374.256,3705.722,3491.589,3215.322,2282.252,1675.026,1057.59,497.5,146.528,15.079
          United Republic of Tanzania,56313.444,9316.107,8304.184,7212.932,5956.206,4980.921,4348.041,3668.035,3052.509,2489.785,1965.278,1523.514,1163.658,867.383,629.733,434.666,245.089,113.204,35.342,6.265,0.585,0.007
          United States of America,330240.533,19628.505,20777.088,21323.366,21463.834,22849.639,23716.695,22551.648,21156.745,20288.578,20472.058,21428.534,21983.95,20305.788,17208.83,13248.503,8984.084,6139.089,3913.451,2058.913,656.804,84.431
          Uruguay,3449.29,239.214,233.858,237.746,250.421,258.395,253.847,231.335,226.58,233.567,211.536,196.369,193.701,171.705,143.878,119.842,93.711,70.504,48.201,24.315,8.626,1.939
          Uzbekistan,32476.232,3406.948,3174.522,2734.702,2574.105,2969.029,3187.744,2868.964,2363.579,1992.762,1725.19,1561.298,1427.095,1055.141,621.415,297.668,244.089,166.99,71.79,27.62,4.993,0.588
          Vanuatu,292.675,40.324,38.901,34.474,27.762,25.342,24.461,21.107,17.072,15.02,12.487,10.755,8.204,6.114,4.345,2.849,1.852,1.265,0.273,0.06,0.008,0
          Venezuela (Bolivarian Rep. of),28887.117,2545.345,2764.512,2682.038,2488.455,2265.278,2247.755,2183.281,2022.886,1863.144,1699.09,1572.11,1361.717,1092.124,794.905,556.074,358.653,213.086,111.579,47.28,15.222,2.583
          Viet Nam,95545.959,7830.904,7467.139,6842.591,6481.457,7571.329,8791.348,8243.041,7496.703,6866.747,6332.734,5694.114,5023.548,3953.449,2523.212,1446.694,1109.978,891.62,592.274,265.309,99.874,21.894
          Wallis and Futuna Islands,11.653,..,..,..,..,..,..,..,..,..,..,..,..,..,..,..,..,..,..,..,..,..
          Western Sahara,567.396,56.361,52.782,48.184,47.518,49.795,53.687,53.608,49.403,42.178,33.774,26.61,21.058,15.473,8.637,4.117,2.297,1.256,0.487,0.145,0.025,0.001
          Yemen,28498.683,4083.815,3789.076,3416.837,3093.999,2909.861,2673.197,2134.162,1635.52,1217.29,906.38,732.241,614.082,472.528,348.238,238.336,133.556,66.301,24.853,7.011,1.326,0.074
"          Yemen, Democratic",_,_,_,_,_,_,_,_,_,_,_,_,_,_,_,_,_,_,_,_,_,_
          Zambia,17351.714,2868.914,2612.228,2316.059,1982.168,1622.478,1341.466,1120.822,930.745,739.743,540.989,395.295,300.059,216.425,153.552,104.341,62.367,30.995,10.681,2.143,0.239,0.005
          Zimbabwe,14438.812,2196.377,2118.553,1807.197,1558.954,1328.103,1125.243,995.162,853.227,677.196,473.156,363.67,288.63,228.883,166.71,111.999,83.574,41.72,16.015,3.906,0.516,0.021
